<?xml version="1.0" encoding="UTF-8"?>
<project-private xmlns="http://www.netbeans.org/ns/project-private/1">
    <editor-bookmarks xmlns="http://www.netbeans.org/ns/editor-bookmarks/2" lastBookmarkId="0"/>
    <open-files xmlns="http://www.netbeans.org/ns/projectui-open-files/2">
        <group>
            <file>file:/C:/xampp/htdocs/Fonte/Basedados/modelo/user.php</file>
            <file>file:/C:/xampp/htdocs/Fonte/Basedados/Tratamento/CriterioSelecao.php</file>
            <file>file:/C:/xampp/htdocs/Fonte/Basedados/Tratamento/Configuracao.php</file>
            <file>file:/C:/xampp/htdocs/Fonte/autoleitura.php</file>
            <file>file:/C:/xampp/htdocs/Fonte/Basedados/modelo/Modelo.php</file>
            <file>file:/C:/xampp/htdocs/Fonte/Basedados/Tratamento/Select.php</file>
        </group>
    </open-files>
</project-private>
